{"bow_log_reg_sklearn_train": 0.9977844214145241, "bow_log_reg_sklearn_test": 0.863186884276288, "bow_nn_torch_train": 0.9962747759856417, "bow_nn_torch_test": 0.8711270767849124, "bow_k_vary": [0.6876339357065119, 0.8127281188060682, 0.8440996530582734, 0.8572543003486814, 0.8605937911456469, 0.8639066442982937, 0.8664171063690063, 0.8687231652914758, 0.8723698044362007], "tf_idf_nn_torch_train": 0.9927404616873374, "tf_idf_nn_torch_test": 0.8793793102698448, "tf_idf_k_vary": [0.7574408725839927, 0.674423838625889, 0.711288707487135, 0.7577931418394761, 0.7921654882680202, 0.8226520003783633, 0.8352760692839692, 0.8480512660491808, 0.863330945005768], "bow_nb_sklearn_train": 0.9910043213560328, "bow_nb_sklearn_test": 0.8777647428488797, "tf_idf_nb_sklearn_train": 0.9912728131901143, "tf_idf_nb_sklearn_test": 0.8885981097057791, "emb_nn_torch_train": 0.9838085799090206, "emb_nn_torch_test": 0.8847796849364665}